generation,games,positions,policy_loss,value_loss,aux_margin_loss,anchor_policy_loss,anchor_value_loss,entropy,sampled_priority_mean,sampled_priority_max,lr,games_per_hour,leaves_per_sec,nn_evals_per_sec,inference_pct,plumbing_pct,workers,aggregate_games_per_hour,server_evals_per_sec,server_mean_batch_size,server_batch_wait_p50_ms,server_batch_wait_p99_ms,wall_time,eval_opponent,eval_games,eval_wins,eval_losses,eval_ties,eval_truncated,eval_end_province,eval_end_piles,eval_end_trunc,eval_win_pct_excl_ties,eval_games_per_hour,gate_result,gate_win_pct,best_generation,league_games,deep_games,deep_positions,kingdom_phase,scripted_games,scripted_wins,routed_fast_path_batches,routed_split_batches,opening_templates_enabled,opening_lambda,opening_p_unconstrained,mean_cards_trashed_per_game,opening_template_games_t0,opening_template_games_t1,opening_template_games_t2,opening_template_games_t3,opening_template_games_t4,opening_template_games_t5,opening_template_games_t6,opening_template_vs_unconstrained_games_t1,opening_template_vs_unconstrained_games_t2,opening_template_vs_unconstrained_games_t3,opening_template_vs_unconstrained_games_t4,opening_template_vs_unconstrained_games_t5,opening_template_vs_unconstrained_games_t6,opening_template_win_rate_vs_unconstrained_t1,opening_template_win_rate_vs_unconstrained_t2,opening_template_win_rate_vs_unconstrained_t3,opening_template_win_rate_vs_unconstrained_t4,opening_template_win_rate_vs_unconstrained_t5,opening_template_win_rate_vs_unconstrained_t6,unconstrained_buys_chapel,unconstrained_buys_sentry,unconstrained_buys_moneylender,unconstrained_buys_village,sentinel_bigmoney_games,sentinel_bigmoney_wins,sentinel_engine3_games,sentinel_engine3_wins,sentinel_thinner_games,sentinel_thinner_wins,league_games_self_0010.pt,league_wins_self_0010.pt,league_games_self_0030.pt,league_wins_self_0030.pt
1,2048,574058,0.9141668199698131,0.16752463974555334,1.5842957581679027,0.5484390191237132,0.10799476794401805,0.8918145775794983,nan,nan,0.0002,17.628206920860432,365.64455821728745,368.3706255927083,99.25996613572687,0.622140820203151,160,1295.426857610906,99524.81877096363,102.85477279728173,0.007004641325084402,0.022973495469894304,7200.620867293037,engine3,200,54,144,2,0,155,45,0,27.272727272727273,2490.52142268536,,,,0,0,0,"1-20:pool:0.500000:Sentry,Moneylender,Village,Laboratory,Market,Festival,Smithy,Merchant,Poacher,Witch,Cellar,Harbinger",0,0,26906645,0,False,0.0,1.0,13.56787109375,4096,0,0,0,0,0,0,0,0,0,0,0,0,0.0,0.0,0.0,0.0,0.0,0.0,0,0,0,0,100,49,200,57,200,86,,,,
2,2048,398483,0.9570790646076203,0.10997316720088322,1.096437469482422,0.5598791707754135,0.04758790595953663,0.941714772383372,nan,nan,0.0001999622406787389,34.2781904177896,465.1119126254778,469.1439014897654,99.14056457912294,0.7425490447866718,160,3739.1033156386907,158502.87509566205,195.72934894895835,0.007547176041606586,0.022738055920109225,2072.366807056009,,,,,,,,,,,,,,,0,0,0,"1-20:pool:0.500000:Sentry,Moneylender,Village,Laboratory,Market,Festival,Smithy,Merchant,Poacher,Witch,Cellar,Harbinger",0,0,13010073,0,False,0.0,1.0,7.56640625,4096,0,0,0,0,0,0,0,0,0,0,0,0,0.0,0.0,0.0,0.0,0.0,0.0,0,0,0,0,,,,,,,,,,
3,2048,378902,0.9861872837543487,0.09366959190368652,0.864986293554306,0.5544379705190658,0.030659386322523158,0.9728873921235403,nan,nan,0.00019984900073539134,31.68592529503316,409.3194258939674,412.54373312267023,99.21843262427062,0.6710754958705824,184,3499.1524692429284,158319.53255568206,191.79468487644564,0.008394640903192013,0.023275684490803892,3706.006326731993,engine3,200,62,137,1,0,144,56,0,31.155778894472363,2053.4173987773006,,,,0,0,0,"1-20:pool:0.500000:Sentry,Moneylender,Village,Laboratory,Market,Festival,Smithy,Merchant,Poacher,Witch,Cellar,Harbinger",0,0,13536651,0,False,0.0,1.0,6.97607421875,4096,0,0,0,0,0,0,0,0,0,0,0,0,0.0,0.0,0.0,0.0,0.0,0.0,0,0,0,0,100,46,200,69,200,88,,,,
4,2048,347373,1.0019978869756063,0.0838935341189305,0.7446432348489761,0.5527525516351064,0.021087579265236855,0.9906487142244975,nan,nan,0.00019966039419298137,33.975669433806544,401.9823209332965,405.0240851541984,99.24899176804661,0.6408190689657679,184,4168.6294430534745,160858.6635987379,193.53810364795726,0.007914968309469687,0.023715075085079005,1903.3831275199773,,,,,,,,,,,,,,,0,0,0,"1-20:pool:0.500000:Sentry,Moneylender,Village,Laboratory,Market,Festival,Smithy,Merchant,Poacher,Witch,Cellar,Harbinger",0,0,12872229,0,False,0.0,1.0,7.376953125,4096,0,0,0,0,0,0,0,0,0,0,0,0,0.0,0.0,0.0,0.0,0.0,0.0,0,0,0,0,,,,,,,,,,
8,2048,325763,1.021855227549871,0.07210675580302875,0.5959483651717504,0.5133168500264486,0.010136507647422452,1.0136095685958861,nan,nan,0.00019815723401640556,37.01980469505075,410.71889141897896,414.04707749089556,99.19618172598022,0.6892234889427029,184,3852.595006592219,158450.40331521764,180.35945079465876,0.007895225335378928,0.02339709616803439,3011.26184603601,engine3,200,67,130,3,0,153,47,0,34.01015228426396,2706.004086063929,,,,0,0,0,"1-20:pool:0.500000:Sentry,Moneylender,Village,Laboratory,Market,Festival,Smithy,Merchant,Poacher,Witch,Cellar,Harbinger",0,0,11946417,0,False,0.0,1.0,6.47412109375,4096,0,0,0,0,0,0,0,0,0,0,0,0,0.0,0.0,0.0,0.0,0.0,0.0,0,0,0,0,100,62,200,78,200,102,,,,
9,2048,318333,1.0320280809402467,0.07217248791456223,0.5996005793809891,0.5183773940006892,0.010266424192115665,1.0247267420291901,nan,nan,0.00019759615260472673,37.59162264124309,408.1479836132147,411.2971117230943,99.23434227469126,0.6533515827413668,184,2883.3178032273445,140643.0560501431,142.96788251031856,0.007636627060098424,0.023680959213394574,2752.763142430049,,,,,,,,,,,,,,,0,0,0,"1-20:pool:0.500000:Sentry,Moneylender,Village,Laboratory,Market,Festival,Smithy,Merchant,Poacher,Witch,Cellar,Harbinger",0,0,11972483,0,False,0.0,1.0,6.53125,4096,0,0,0,0,0,0,0,0,0,0,0,0,0.0,0.0,0.0,0.0,0.0,0.0,0,0,0,0,,,,,,,,,,
10,2048,328506,1.040782763560613,0.07220912186801434,0.5951332242488862,0.5058439716100692,0.00920335714162017,1.0337744370301565,nan,nan,0.00019696197302108731,35.96105259129355,402.5474803256129,405.68104183222846,99.22757999918778,0.6605567631727083,184,3079.8067174225334,144719.64890614507,153.475256067898,0.00798931301821703,0.02302146802974177,3830.5756317880005,engine3,200,81,114,5,1,143,56,1,41.53846153846154,2705.4520901261735,,,,0,0,0,"1-20:pool:0.500000:Sentry,Moneylender,Village,Laboratory,Market,Festival,Smithy,Merchant,Poacher,Witch,Cellar,Harbinger",0,0,12162891,0,False,0.0,1.0,6.83447265625,4096,0,0,0,0,0,0,0,0,0,0,0,0,0.0,0.0,0.0,0.0,0.0,0.0,0,0,0,0,100,54,200,78,200,111,0,0,,
11,2048,326662,1.0443489593664805,0.07017727467914422,0.5799872232278188,0.5028682728211085,0.008789907585984717,1.0381172397931417,nan,nan,0.0001962553338305709,26.409775600549082,293.5952809843699,295.25752685054135,99.43701829250475,0.4832214415188633,184,3149.497447369732,110966.45272598657,114.75768140291925,0.01075364788596237,0.034676478185066306,2551.8367111439584,,,,,,,,,,,,,,,317,0,0,"1-20:pool:0.500000:Sentry,Moneylender,Village,Laboratory,Market,Festival,Smithy,Merchant,Poacher,Witch,Cellar,Harbinger",0,0,9950638,1895418,False,0.0,1.0,6.2119140625,4096,0,0,0,0,0,0,0,0,0,0,0,0,0.0,0.0,0.0,0.0,0.0,0.0,0,0,0,0,,,,,,,317,173,,
12,2048,317053,1.0454330151875815,0.0684289836337169,0.5641508433421453,0.4943177506128947,0.008252898899527888,1.0398869320551554,nan,nan,0.00019547694655894313,28.177405257498222,304.0084590486892,305.796015749347,99.41544146797419,0.5033265592694377,184,3374.011803670599,116182.01496752305,121.74839675401998,0.01057856358571409,0.03453316713902643,2386.493068437965,,,,,,,,,,,,,,,328,0,0,"1-20:pool:0.500000:Sentry,Moneylender,Village,Laboratory,Market,Festival,Smithy,Merchant,Poacher,Witch,Cellar,Harbinger",0,0,9367996,1831423,False,0.0,1.0,6.0625,4096,0,0,0,0,0,0,0,0,0,0,0,0,0.0,0.0,0.0,0.0,0.0,0.0,0,0,0,0,,,,,,,328,189,,
13,2048,309840,1.048228984038035,0.06540114490191141,0.5370365959803264,0.4899212243159612,0.008638300930770735,1.0431039385795593,nan,nan,0.00019462759497620546,28.83559817655104,304.09297192401135,305.8876588529444,99.41328560437417,0.504942635968111,184,3329.2919041974483,107121.98180406351,109.65290640852608,0.010611183808121535,0.033887385562889595,2420.052718939027,,,,,,,,,,,,,,,338,0,0,"1-20:pool:0.500000:Sentry,Moneylender,Village,Laboratory,Market,Festival,Smithy,Merchant,Poacher,Witch,Cellar,Harbinger",0,0,9014188,1961065,False,0.0,1.0,5.43603515625,4096,0,0,0,0,0,0,0,0,0,0,0,0,0.0,0.0,0.0,0.0,0.0,0.0,0,0,0,0,,,,,,,338,171,,
14,2048,325799,1.0523728133837382,0.06437857487301031,0.5207483088970184,0.4856785999536514,0.00827993141192322,1.0474738851388294,nan,nan,0.0001937081343074052,27.610399793539635,306.23289925035965,308.05563574510677,99.40830931713408,0.5093430563176407,184,3210.571653034859,111021.13090840876,114.69841165199975,0.010562484586410596,0.033939644220845035,2498.7753956509987,,,,,,,,,,,,,,,348,0,0,"1-20:pool:0.500000:Sentry,Moneylender,Village,Laboratory,Market,Festival,Smithy,Merchant,Poacher,Witch,Cellar,Harbinger",0,0,9426170,2037874,False,0.0,1.0,6.04931640625,4096,0,0,0,0,0,0,0,0,0,0,0,0,0.0,0.0,0.0,0.0,0.0,0.0,0,0,0,0,,,,,,,348,179,,
15,2048,330159,1.0585644083023071,0.06341429881254831,0.509293679912885,0.47771489838759107,0.008054579672248412,1.053837742169698,nan,nan,0.0001927194903714966,27.042709699881918,303.9879220800568,305.7684543138672,99.41768609263312,0.5015113163656868,184,3371.3594586752893,123006.92256124772,129.7186107480768,0.010635771832553693,0.03430615262615813,3182.7488404419855,engine3,200,80,117,3,0,157,43,0,40.609137055837564,4892.819268145249,,,,358,0,0,"1-20:pool:0.500000:Sentry,Moneylender,Village,Laboratory,Market,Festival,Smithy,Merchant,Poacher,Witch,Cellar,Harbinger",0,0,9585214,1992504,False,0.0,1.0,6.03271484375,4096,0,0,0,0,0,0,0,0,0,0,0,0,0.0,0.0,0.0,0.0,0.0,0.0,0,0,0,0,100,77,200,92,200,121,358,206,,
16,2048,325485,1.0572729479471843,0.06102159425119559,0.4905751055081685,0.47398104159037274,0.008018903469201177,1.0528383356730142,nan,nan,0.00019166265864911926,25.951941576084845,287.50961328219466,289.1670180342532,99.42683478796249,0.49281121438623776,184,3096.8956440617712,111995.37240109657,116.27588666213026,0.010915203321087108,0.036040095294892625,2579.3070315980003,,,,,,,,,,,,,,,369,0,0,"1-20:pool:0.500000:Sentry,Moneylender,Village,Laboratory,Market,Festival,Smithy,Merchant,Poacher,Witch,Cellar,Harbinger",0,0,9442659,2079542,False,0.0,1.0,6.14892578125,4096,0,0,0,0,0,0,0,0,0,0,0,0,0.0,0.0,0.0,0.0,0.0,0.0,0,0,0,0,,,,,,,369,216,,
17,2048,316995,1.0598750823338827,0.06016849734882514,0.48347654048601785,0.4698688282966614,0.00785450077848509,1.0559330314000448,nan,nan,0.00019053870328023388,28.685536436332068,309.52426049225767,311.37602508822073,99.40529634693667,0.5131987933464486,184,2952.913482041678,102593.31830772813,104.17446655274237,0.010408178479413659,0.03436801210108294,2696.2444043899886,,,,,,,,,,,,,,,379,0,0,"1-20:pool:0.500000:Sentry,Moneylender,Village,Laboratory,Market,Festival,Smithy,Merchant,Poacher,Witch,Cellar,Harbinger",0,0,8794328,2162025,False,0.0,1.0,5.83056640625,4096,0,0,0,0,0,0,0,0,0,0,0,0,0.0,0.0,0.0,0.0,0.0,0.0,0,0,0,0,,,,,,,379,194,,
18,2048,319382,1.0643276325861613,0.058776350577672325,0.46985800687472024,0.4685347723166148,0.007597801320720464,1.0605257648626962,nan,nan,0.00018934875599262328,28.573766395501192,310.6704725805004,312.5268602661119,99.40600699599682,0.5123163282603184,184,3379.402127922055,113393.40844228028,116.11627512841238,0.010395824776491681,0.03450590642171178,2382.933593841037,,,,,,,,,,,,,,,389,0,0,"1-20:pool:0.500000:Sentry,Moneylender,Village,Laboratory,Market,Festival,Smithy,Merchant,Poacher,Witch,Cellar,Harbinger",0,0,8829884,2174443,False,0.0,1.0,6.0634765625,4096,0,0,0,0,0,0,0,0,0,0,0,0,0.0,0.0,0.0,0.0,0.0,0.0,0,0,0,0,,,,,,,389,202,,
19,2048,322086,1.0712223491668702,0.05825836700201035,0.4636038228273392,0.4603892215291659,0.007439563718934854,1.0674601867993672,nan,nan,0.0001880940149623386,29.121390396841463,319.60543477862564,321.59227624919055,99.38218619746159,0.5336473823176471,184,3297.6919535173593,106273.09721437744,108.7920131008594,0.010128054746006549,0.03384208427577307,2436.62707986898,,,,,,,,,,,,,,,399,0,0,"1-20:pool:0.500000:Sentry,Moneylender,Village,Laboratory,Market,Festival,Smithy,Merchant,Poacher,Witch,Cellar,Harbinger",0,0,8604601,2379983,False,0.0,1.0,5.828125,4096,0,0,0,0,0,0,0,0,0,0,0,0,0.0,0.0,0.0,0.0,0.0,0.0,0,0,0,0,,,,,,,399,213,,
21,2048,304683,1.0728529171943664,0.049161216847598554,0.37979465212424596,0.45005609893798826,0.007386897633317858,1.069465209166209,nan,nan,0.0001853952693148294,23.466321488933165,243.28869854523222,244.6564766305767,99.44093935129713,0.4791669982727872,184,2906.4959360820635,101460.47216397704,108.0008166679383,0.012452135042515874,0.0411723518939999,3331.3269505510107,engine3,200,92,102,6,0,154,46,0,47.422680412371136,4183.956442775001,,,,420,0,0,"21-40:pool:0.350000:Chapel,Sentry,Village,Smithy,Laboratory,Market,Festival,Moneylender,Militia,Witch,Cellar",0,0,8324220,2356590,False,0.0,1.0,6.3466796875,4096,0,0,0,0,0,0,0,0,0,0,0,0,0.0,0.0,0.0,0.0,0.0,0.0,0,0,0,0,100,69,200,73,200,127,420,243,,
22,2048,301545,1.0760645200411478,0.05465091824531555,0.41048610440889993,0.45336149619023003,0.007639255236989508,1.0725994505882264,nan,nan,0.00018395398210570906,31.428318263287288,322.66276310510807,324.6833663784231,99.37766960597543,0.5378582833777403,184,3558.0160988588877,108190.97281399934,110.65774996893434,0.009808434458148635,0.03374448822798538,2276.222633205005,,,,,,,,,,,,,,,430,0,0,"21-40:pool:0.350000:Chapel,Sentry,Village,Smithy,Laboratory,Market,Festival,Moneylender,Militia,Witch,Cellar",0,0,8035393,2316259,False,0.0,1.0,6.060546875,4096,0,0,0,0,0,0,0,0,0,0,0,0,0.0,0.0,0.0,0.0,0.0,0.0,0,0,0,0,,,,,,,430,225,,
23,2048,306823,1.0731836644808452,0.05511002853512764,0.41377208157380424,0.4440953725576401,0.0070289781177416445,1.069749273777008,nan,nan,0.00018245333323392335,31.47167309069167,328.89722360609335,331.0223553885364,99.35800958821989,0.554206095450539,184,3018.7689993616464,101308.56559436099,100.13338072501475,0.00958919829423261,0.03197195150309434,2640.4221600409364,,,,,,,,,,,,,,,440,0,0,"21-40:pool:0.350000:Chapel,Sentry,Village,Smithy,Laboratory,Market,Festival,Moneylender,Militia,Witch,Cellar",0,0,8333569,2458889,False,0.0,1.0,6.52978515625,4096,0,0,0,0,0,0,0,0,0,0,0,0,0.0,0.0,0.0,0.0,0.0,0.0,0,0,0,0,,,,,,,440,234,,
24,2048,308616,1.0709650417963663,0.055539816493789355,0.42088326092561085,0.4441345043977102,0.007237611953634769,1.0675741302967072,nan,nan,0.0001808948337256816,31.848241989770322,334.60824469731256,336.7435107418232,99.36590729252457,0.5481635176811328,184,3403.455035010061,103515.78420314155,105.25706357866244,0.009329170489752516,0.03344898180077683,2364.1170129589736,,,,,,,,,,,,,,,451,0,0,"21-40:pool:0.350000:Chapel,Sentry,Village,Smithy,Laboratory,Market,Festival,Moneylender,Militia,Witch,Cellar",0,0,7970855,2455624,False,0.0,1.0,6.72119140625,4096,0,0,0,0,0,0,0,0,0,0,0,0,0.0,0.0,0.0,0.0,0.0,0.0,0,0,0,0,,,,,,,451,261,,
25,2048,308539,1.0727413821220397,0.056907196655869484,0.43116487753391264,0.43459752142429353,0.007125688932137564,1.0694449038505554,nan,nan,0.00017928005285788027,31.656597592595485,332.81272592553785,334.9421630819217,99.36423735465546,0.5489704499644243,184,3475.9751975470376,106111.36389212869,108.04115389815577,0.009253283295086744,0.033425355259719375,2900.8615418609697,engine3,200,91,109,0,0,143,57,0,45.5,5640.790548920218,,,,461,0,0,"21-40:pool:0.350000:Chapel,Sentry,Village,Smithy,Laboratory,Market,Festival,Moneylender,Militia,Witch,Cellar",0,0,8144487,2479098,False,0.0,1.0,6.82861328125,4096,0,0,0,0,0,0,0,0,0,0,0,0,0.0,0.0,0.0,0.0,0.0,0.0,0,0,0,0,100,74,200,103,200,127,461,282,,
26,2048,314689,1.0755716032981872,0.05683875201642513,0.4331397633552551,0.432574671069781,0.007084518585198869,1.0723673113187153,nan,nan,0.0001776106165779741,26.77754896206513,287.18713514988593,288.830525786403,99.43101906142277,0.49007814043018266,184,3134.121228133936,104134.31786328446,107.22377365398566,0.009940556999134442,0.037714652055499634,2551.1605834879447,,,,,,,,,,,,,,,471,0,0,"21-40:pool:0.350000:Chapel,Sentry,Village,Smithy,Laboratory,Market,Festival,Moneylender,Militia,Witch,Cellar",0,0,8293036,2605360,False,0.0,1.0,7.49609375,4096,0,0,0,0,0,0,0,0,0,0,0,0,0.0,0.0,0.0,0.0,0.0,0.0,0,0,0,0,,,,,,,471,283,,
27,2048,317772,1.0759510782559714,0.0582678611377875,0.43499182375272116,0.42834735254446665,0.006734402876192083,1.0726848281224568,nan,nan,0.00017588820586678493,31.53245361326851,341.67510435778104,343.936119887635,99.34260596688924,0.5678868989214773,184,2862.214482996878,92343.45590129388,91.98366291889029,0.00877528936239409,0.03242509743547296,2774.8557099930476,,,,,,,,,,,,,,,481,0,0,"21-40:pool:0.350000:Chapel,Sentry,Village,Smithy,Laboratory,Market,Festival,Moneylender,Militia,Witch,Cellar",0,0,8035262,2883402,False,0.0,1.0,8.11865234375,4096,0,0,0,0,0,0,0,0,0,0,0,0,0.0,0.0,0.0,0.0,0.0,0.0,0,0,0,0,,,,,,,481,277,,
28,2048,324836,1.0761142784754436,0.059858592346310614,0.44431913300355275,0.41700131448109945,0.006652398079245662,1.0728583312034607,nan,nan,0.0001741145550458964,29.714974935361717,329.06175348436454,331.20513821965517,99.352852812969,0.5600957369365444,184,3324.4783385774535,113923.18959438219,118.02892829004908,0.010301472696989137,0.03250821547829605,2949.8014777009375,engine3,200,96,101,3,0,150,50,0,48.73096446700507,4569.827268555587,,,,307,0,0,"21-40:pool:0.350000:Chapel,Sentry,Village,Smithy,Laboratory,Market,Festival,Moneylender,Militia,Witch,Cellar",0,0,9315790,1659102,False,0.0,1.0,9.06787109375,4096,0,0,0,0,0,0,0,0,0,0,0,0,0.0,0.0,0.0,0.0,0.0,0.0,0,0,0,0,100,72,200,89,200,125,307,178,,
29,2048,323801,1.0726779551506043,0.06112592351933321,0.4521118868589401,0.41993094114462537,0.006673080859007314,1.069682941277822,nan,nan,0.0001722914500313392,28.85455311936285,318.29857599194514,320.2420771671619,99.39311498588542,0.5222709697434875,184,2975.79776657956,101321.7591612976,103.72701162252369,0.010192884693191757,0.03303162884443536,2675.019111294998,,,,,,,,,,,,,,,307,0,0,"21-40:pool:0.350000:Chapel,Sentry,Village,Smithy,Laboratory,Market,Festival,Moneylender,Militia,Witch,Cellar",0,0,9597059,1766176,False,0.0,1.0,8.5537109375,4096,0,0,0,0,0,0,0,0,0,0,0,0,0.0,0.0,0.0,0.0,0.0,0.0,0,0,0,0,,,,,,,307,171,,
30,2048,320070,1.0694163517951965,0.061758108218510945,0.45218293646971386,0.407717299203078,0.006331481053959578,1.066475577990214,nan,nan,0.000170420726535325,29.583350120418867,322.65439847214935,324.6472224194107,99.38615709310247,0.529534911103086,184,2922.6444024949888,105117.05200889314,107.22002466748891,0.010193841676439705,0.033150028134929,3223.7548407949507,engine3,200,99,96,5,0,139,61,0,50.76923076923077,6464.88237181479,,,,307,0,0,"21-40:pool:0.350000:Chapel,Sentry,Village,Smithy,Laboratory,Market,Festival,Moneylender,Militia,Witch,Cellar",0,0,9273605,1736035,False,0.0,1.0,8.9599609375,4096,0,0,0,0,0,0,0,0,0,0,0,0,0.0,0.0,0.0,0.0,0.0,0.0,0,0,0,0,100,72,200,95,200,113,307,194,0,0
31,2048,332156,1.0666299231847127,0.06237564498682817,0.44881159015496574,0.40467009143034616,0.006411949967344602,1.0638256934483845,nan,nan,0.00016850426821783988,22.44950706548536,254.7150613359706,256.0043336326296,99.49638653441349,0.4315942035664958,184,2520.313493776723,91449.0869402646,92.69383786371297,0.012682845946290558,0.04935712744657076,3133.34477437695,,,,,,,,,,,,,,,307,0,0,"21-40:pool:0.350000:Chapel,Sentry,Village,Smithy,Laboratory,Market,Festival,Moneylender,Militia,Witch,Cellar",0,0,10111278,1755422,False,0.0,1.0,9.4765625,4096,0,0,0,0,0,0,0,0,0,0,0,0,0.0,0.0,0.0,0.0,0.0,0.0,0,0,0,0,,,,,,,92,55,215,105
32,2048,329720,1.0688989283243815,0.062375922362009686,0.4436468565861384,0.3966436706384023,0.006477110078170274,1.0661389719645182,nan,nan,0.0001665440047899583,25.730626448836766,289.7228752827942,291.31276283362354,99.45423347217458,0.4694589069161851,184,2793.0970044806922,90474.64602957212,90.32584576516274,0.011594868855872586,0.04408463045339982,2842.0770657770336,,,,,,,,,,,,,,,307,0,0,"21-40:pool:0.350000:Chapel,Sentry,Village,Smithy,Laboratory,Market,Festival,Moneylender,Militia,Witch,Cellar",0,0,9839829,1673784,False,0.0,1.0,9.50390625,4096,0,0,0,0,0,0,0,0,0,0,0,0,0.0,0.0,0.0,0.0,0.0,0.0,0,0,0,0,,,,,,,139,98,168,98
33,2048,331514,1.07050443983078,0.06208098433415095,0.44297247513135274,0.389870954533418,0.006298713727776582,1.0677134489218394,nan,nan,0.0001645419100707877,26.629362148030154,301.27939073763577,303.0549126322178,99.41412535465584,0.5060962060135005,184,2891.9995352715882,93853.66831377546,94.82262026693525,0.011034629174104476,0.04191350282567445,3277.7533181129256,engine3,200,102,94,4,0,145,55,0,52.04081632653061,6127.774602754193,,,,307,0,0,"21-40:pool:0.350000:Chapel,Sentry,Village,Smithy,Laboratory,Market,Festival,Moneylender,Militia,Witch,Cellar",0,0,9742042,1708805,False,0.0,1.0,10.42236328125,4096,0,0,0,0,0,0,0,0,0,0,0,0,0.0,0.0,0.0,0.0,0.0,0.0,0,0,0,0,100,75,200,101,200,123,153,90,154,73
34,2048,341379,1.069478668053945,0.06226744403441747,0.4370429409742355,0.392933570365111,0.00664034560866033,1.0669464693069457,nan,nan,0.00016250000000000002,25.554398979820245,298.22175627910445,299.89573909426645,99.44181173756662,0.4814702711968261,184,2738.9720469188605,90747.37059780803,90.96680030279579,0.01140451583324343,0.043379075416850175,2888.6154071369674,,,,,,,,,,,,,,,307,0,0,"21-40:pool:0.350000:Chapel,Sentry,Village,Smithy,Laboratory,Market,Festival,Moneylender,Militia,Witch,Cellar",0,0,9841528,1841301,False,0.0,1.0,11.302734375,4096,0,0,0,0,0,0,0,0,0,0,0,0,0.0,0.0,0.0,0.0,0.0,0.0,0,0,0,0,,,,,,,138,88,169,86
35,2048,349613,1.0677700346310934,0.06142504893740018,0.435028061747551,0.38086297315359113,0.006011277792897696,1.0650420807202656,nan,nan,0.0001604203306079512,25.4655800608252,304.2031333116828,305.9550478298959,99.42739479847148,0.49422169714960906,184,2669.9358149414775,95421.94151209065,95.4443088620325,0.01135685794647943,0.04352965594558824,3537.0539563320344,engine3,200,83,109,8,0,159,41,0,43.229166666666664,4149.588452549198,,,,307,0,0,"21-40:pool:0.350000:Chapel,Sentry,Village,Smithy,Laboratory,Market,Festival,Moneylender,Militia,Witch,Cellar",0,0,10188904,1709706,False,0.0,1.0,11.60205078125,4096,0,0,0,0,0,0,0,0,0,0,0,0,0.0,0.0,0.0,0.0,0.0,0.0,0,0,0,0,100,75,200,96,200,116,135,88,172,95
